"","treat","TE","LCI","UCI","seTE"
"1","bupropion",-0.217418376271182,-0.443837995853518,0.00900124331115398,0.0815501877413152
