"","Group.1","TE","LCI","UCI","seTE"
"1","bupropion",-0.18654446103022,-0.333789256203595,-0.0392996658568444,0.0572807265390666
