"","Group.1","TE","LCI","UCI","seTE"
"1","bupropion",-0.119704682612212,-0.293235571629186,0.0538262064047617,0.0545275151159239
