"","Group.1","TE","LCI","UCI","seTE"
"1","agomelatine",0.243694189791587,-0.00786936048185387,0.495257740065028,0.128351108621251
"2","amitriptyline",0.129540181503099,-0.672847044251884,0.931927407258082,0.409388760244633
"3","citalopram",0,0,0,0
"4","duloxetine",0.00323428293660734,-0.23756238351154,0.244030949384755,0.122857699604442
"5","escitalopram",-0.082539703024175,-0.31435303464682,0.14927362859847,0.118274281288411
"6","fluoxetine",-0.001361517863753,-0.289695781469417,0.286972745741911,0.147112021384071
"7","paroxetine",0.00147194731636337,-0.204872209467049,0.207816104099776,0.105279565548668
"8","vortioxetine",0.229484543763353,-0.0387119393326396,0.497681026859346,0.136837454775441
